done	2026-04-25T17:37:29Z	frontend	docs/briefs/next-frontend.md	next	32620c3
done	2026-04-25T17:37:52Z	backend	docs/briefs/next-backend.md	next	562d962
done	2026-04-25T17:38:18Z	product	docs/briefs/next-product.md	next	81fdef7
done	2026-04-25T17:38:42Z	research	docs/briefs/next-research.md	next	68b303d
done	2026-04-25T17:39:18Z	polish	docs/briefs/next-polish.md	next	74bf784
done	2026-04-25T17:54:45Z	research	docs/briefs/next-research-2.md	next	68b303d
done	2026-04-25T17:55:03Z	product	docs/briefs/next-product-2.md	next	81fdef7
done	2026-04-25T18:05:06Z	polish	docs/briefs/next-polish-2.md	next	74bf784
done	2026-04-25T18:20:01Z	frontend	docs/briefs/next-frontend-2.md	next	32620c3
done	2026-04-25T18:20:17Z	backend	docs/briefs/next-backend-2.md	next	562d962
done	2026-04-25T18:44:22Z	research	docs/briefs/next-research-3.md	next	68b303d
done	2026-04-25T18:52:03Z	frontend	docs/briefs/next-dennis.md	next	32620c3
done	2026-04-25T19:28:01Z	frontend	docs/briefs/next-dennis-2.md	next	32620c3
